group,net_pnl,avg_return,win_rate,trades
MNQ=F,450.0,0.75,0.6666666666666666,6
NQ=F,450.0,0.75,0.6666666666666666,6
Others (aggregate),-5850.0,-0.0625,0.3205128205128205,222
