group,net_pnl,avg_return,win_rate,trades
MNQ=F,150.0,0.125,0.5,12
NQ=F,150.0,0.125,0.5,12
Others (aggregate),0.0,0.2644230769230769,0.5192307692307692,252
